在银行存入100万，能靠利息生活吗？	对于普通的老百姓而言，想要靠投资发家致富似乎是非常难的一件事情，而且有一点我们也要清楚，投资并不是说就一定能赚钱，有的投资有会亏钱，甚至是血本无归，所以绝大多数人都更愿意选择保本型理财，在保证本金安全的前提下，尽可能地获得更高的收益。不过自2018年央行出台了《资管新规》以后，保本型理财产品已经逐渐退出理财市场，所以现如今想要百分百保证本金安全的，似乎也就银行的存款类产品了，那如果在银行存入100万，能有多少利息？想要知道100万存在银行有多少利息，这其中最关键的就是银行的存款利率了，如果存的产品利率高，那自然获得的利息就多，反之则会比较少。不过我国的银行到底哪一家利率会比较高，这个问题说实话很难有人能准确给出答案，毕竟我国的银行已经达到了4000家以上，而且央行推行了利率市场化，各家银行的利率水平都有可能不一样，所以想要高利率，那选择一家适合的银行是至关重要的。我国的银行一般可以分为国有银行、股份制银行、地方性商业银行、农村信用社、民营银行这几类，其中国有银行的利率水平应该说是比较低的，而股份制银行次之，接着则是地方性商业银行，最高的应该是农村信用社、民营银行这一类规模比较小的银行，所以如果想要获得比较高的利息的话，那可以考虑一下信用社或者民营银行。不过有的人也担心本金的安全性，毕竟银行规模小，风险也高，不过这就要看个人了，或者说可以将本金划分为几份，比如100万可以划分为4份，一份25万，分别存入4家银行，在《存款保险条例》的保护下，那本金的安全就完全不用担心。据小编了解到的信息来看，国有银行中，利率比较高的应该是三年期的大额存单，年利率能达到3.98%，如果存的是这类产品的话，那平均下来一年的利息为3.98万，平均每个月为3316元，而这个利息水平在国有银行的存款类产品中应该说已经处于较高的水平了。如果存的是农村信用社、民营银行这一类规模比较小的银行，利率会比较高，三年期的定期存款年利率能达到4.125%，存100万的话平均下来一年的利息为4.125万，平均每个月有3437元利息；如果存的是五年期定存的话，那年利率能达到4.875%，存100万，平均每个月利息为4062元，而这个利率水平在现阶段可以说是非常高的了，绝大多数银行都没有这种利率水平。在银行存100万，平均每个月的利息最高能达到4062元，够生活吗？每个月4062元的利息，能保障生活所需吗？对于这个问题要从两个方面来看，一个是你所在的城市，还有一个是你的生活水平。4062元如果说你生活在三四线的小城市，那应该是可以满足生活所需的，当然还有一个前提，那就是不是租房住，否则也不够，而如果生活在一线二线城市的话，那估计就不够了。每个人的生活水平可能也不一样，有的更喜欢追求精致的生活，而有的觉得能吃饱饭就行了，这之间的差距可是非常大的，所以在小编觉得，4062元对于一些人而言，那绝对是可以满足生活所需的。总结如果给你一个月4062元，你愿意靠利息生活吗？想必很多人都愿意，但如果靠自己赚100万，然后过上靠利息生活的日子呢？也许还是有很多人愿意，但奈何存下来100万可不是件容易的事情，而且人的欲望是永无止境的，当你有100万的时候，你已经看不上每个月只花4062元的生活水平了，所以会继续追求更高的生活水平，你觉得呢？
湖南金证教你如何实现7％的年收益	我们大多数人，作为普通投资者，更喜欢银行存款和银行理财，基本收益在4%左右。从安全角度来看，许多人认为还是银行要可靠一些，应该是稳健理财的首选渠道。说到收益，把钱放在银行，和放在其他投资渠道相比，收益确实处于一个很低的水平。那么怎样才能提高银行的利润呢？先把目标收益定在5%，这是一个比银行理财稍高的目标，只要对资金进行合理的分配，就可以很容易的达到这个目标。若想获得5%以上的年化收益，不妨试试以下三种方法：首先，净值型理财。优点：净值理财就是银行自己理财。与普通理财产品相比，净值型理财产品在投资、运营等方面与普通理财产品基本相同，最大的区别在于，净值型理财产品没有预期收益，而是在产品到期后，根据产品的实际市场投资报价计算出客户的收益。普通的理财产品，银行会从中赚取差价，而净值型产品则会将所有投资所得的收益返还给客户，银行只收取合同中约定的管理费。股市好的时候，净值型理财产品会增加一些权益性资产以获得超额收益，股市不好的时候，会在投资组合中增加一些非标资产以获得增值收益。二是基金定投；优点：上班族有稳定的收入，比较不愿冒险，同时想要更高的收益，那么适合定投基金。投资人每月固定一天进行固定投资，银行自动扣款，分期投资，投资成本有高有低，长期下来比较平均，最大限度地分散投资风险。当基金总体增长时，投资者可以获得相对平均的收益，而其强大的后劲支撑也是目前中国经济日益高速发展的重要因素，因此基金的收益有一定的保障。应该提醒的是，定投一定要选择合适的产品。三是银保产品。银保险是由银行代销的保险产品，银保险有许多种类，包括分红险，万能险，投连险，财险，意外险等。其优点在于受到严格的监管，银行严格的准入门槛使得保险产品的收益还不错，同时保险资金的投资能力也经过了市场的考验，成为机构投资者的中坚力量。除安全性外，保险还有一个很大的卖点就是收益性。保险业者有自己的投资部门，可以充分利用其规模投资和专业优势炒股、买债券、投非标等，法律明确规定保险公司不得破产，银行不得破产保险公司，至多由政府接管，从而增强保险业的稳健性。通过强化监管和严格准入，目前银保产品的可靠性比十多年前有了很大的提高。湖南金证投资小编提示大家上述三种安全快捷的银行理财产品：净值型理财产品，基金定投产品，银保产品，都有各自的优点，投资者可根据自己的情况合理选择投资。
人均负债13万！90后超前消费最严重，老百姓的钱被“谁”掏空了？	人均负债13万！90后超前消费最严重，老百姓的钱被“谁”掏空了？推荐语：一直以来，我国都是人口大国，拥有将近14亿的庞大消费人口。依托着人口发展的红利，人们的生活也开始变得越来越好，收入也是一年比一年高。而另一方面，我国在存钱方面也是世界各国中排名最靠前的。数据显示，2020年我国储蓄率一度超过50%，而到了2018年，我国储蓄率虽然有所下降，但储蓄率也维持在45%左右，仍是世界上储蓄率最高的国家。但是，储蓄率的下降还是反映了一些潜在的问题。根据此前公布的《中国城市家庭财富健康报告》显示，中国居民的债务收入比已经从十年前的不到35%上升到90%，在十年内翻了一倍多。我国居民的总负债达到了200万亿，也就是说人均债务已达13万元左右，基本进入了“全民负债”时代。另外，根据金融机构――融360发布的相关调查数据显示：中国90后群体占借贷市场的49.31%，在亚洲地区排名同龄人第一。而且负债的90后，每4个人中就有1个人使用花呗，每3个买手机的就有2个使用分期付款。那么，到底是什么原因导致老百姓都进入了“负债”的尴尬境地呢？首先，买房和买车等大宗商品消费，使得很多家庭“入不敷出”。在消费升级的刺激下，这些年来商品房价格不断上涨，动辄上百万一套的房子已成为“正常现象”，所以很多家庭买房只能够通过贷款的方式。另一方面，汽车行业也成为普通百姓消费的重要支出部分，虽然汽车价格相比房子来说不是很高，但其使用成本还是不便宜的，特别是年轻人群体，资金不足又喜欢买车的占了绝大多数，这才导致了他们在很长一段时间里处于负债的情况。其次，通货膨胀、物价上涨也是导致百姓负债的一个重要原因。近10年来，物价上涨的速度超乎了大家的想象，继而也产生了一些很矛盾的问题。按照一般逻辑来讲，如果人们的收入不断增加，即使物价上涨也是正常的。但问题的关键却在于，人们的收入水平跟不上通货膨胀的速度，所以就导致一些人出现了“负债”的情况。最后，我国负债率的攀升，其实也和大家的消费观念改变有关。随着“超前消费”观念的普及，信用卡以及各种信贷平台的出现，使得人们在借钱方面变得越来越容易，消费起来也是大手大脚。而年轻人群体，无疑是其中受影响最大的，即使他们普遍收入不高，也要跟风选择分期购买车子、奢侈品、手机等等，这样做的直接后果就是――负债。写在最后：为了避免影响到正常生活，建议大家还是要学会理性消费，树立正确的消费观，生活才会越过越好。
3岁的孩子，到23岁会有56万，咋回事？	“如果生活方式正确，到了晚年只会比年轻时更幸福。”这话不是我说的，是今年已经96岁高寿的美国投资家查理・芒格说的。因为从普罗大众实际情况看，人到晚年，貌似日子往往比年轻时过得“紧巴巴”些。喏，大部分人的工作收入会在30―40岁达到顶峰，而后逐渐下降，最后只拿退休金。相对应的，结婚、还贷、育儿……人们的家庭支出一直会增加。虽然退休时有所减少，但临到晚年又将增加。原因很简单，人到老都要生病，高额医疗支出难免。既然如此，芒格所言依据何在？其实，我们应当注意他讲这句话的前提――如果生活方式正确！身为世界著名的投资大师，老芒格的意思就是两个字：理财。对普通人而言，靠工资吃饭，年龄越大，劳动力越弱时，压力越大。相反，通过理财，获得非工资收入，年龄越大，生活越轻松。因为，非工资收入带来的收益会成指数增长，就算“人没了”还涨，花不完留给下一代。可见，理财非小事，而是直接影响人生乃至家族的大事。此刻起，就应做准备。或许有人犹豫，现在手头没多少钱，也能理财？真的可以借此致富？当然可以！最简单的，从两件事做起。第一，在每个月或每个季度，对自己的消费情况做“整体复盘”，明确哪些东西是必须买的，哪些则是不必要的。如果实在搞不清自己购买欲望的必要和非必要，不妨在掏银子前先扪心自问：这个不买会死吗？买个便宜的会死吗？将来再买会死吗？虽然有些粗暴，但学会在不必要的物质上“断舍离”，开支明显节余，生活会轻松很多。第二，从储蓄开始。尤其初入职场的年轻人，别小看每月几百、一千的攒钱行为，这是很快获得一笔小积累的最实用方式。也许有人说，现在存银行不划算，只会被通胀“收割”，越存越贬值。那好，还有一个办法是从现在起，每个月定投300元，以15%的年化收益率计（很多投资工具可以达到），看得长远点，40年后会有736万！这不仅意味着一个富有的晚年生活，连带孩子也会成为“富二代”。说起孩子，其实也是越早开始理财越好。这当然不取决于小朋友，主动权还是在大人。打个比方，家长给3岁的孩子定投指数基金，月存400元，仍按5%年化收益率计，20年后，孩子长大成人，他已经拥有565488.58元投资收益，妥妥的赢在起跑线。瞧，身价919亿美元的“股神”巴菲特就是在父亲的影响下，11岁投资股票，从114美元起步，87岁已手握919亿美元资产！所以，学习理财，非工资收入慢慢会超过日常支出，同时能给孩子留一笔巨款，是不是很有成就感！正如“金融大鳄”索罗斯有句名言：从现在起，抛弃穷人思维，掌握理财技能，每天进步一点点，与时间做朋友，未来的一切都将随之改变，“翻身农奴把歌唱”！
低调的隐形巨富：他是知名房企背后的金主，曾掌舵中国最赚钱公司	低调的隐形巨富：他是知名房企背后的金主，曾掌舵中国最赚钱公司推荐语：20年来，中国的房地产行业发展可谓一片大好，其中恒大、碧桂园、绿地、保利、万科这五家房企就轻松跻进世界500强企业。而这背后其实跟真正的隐形富豪有着密切关系，可以说，他是多家知名房企的金主爸爸，资金实力相当雄厚，坐拥6万亿资产，他就马明哲。因为平安集团不仅是中国最大的非国企保险公司，同时还是碧桂园、旭辉集团的第二大股东、融创的第一股东。现如今，平安集团在马明哲的努力下已经成为了一家金融全牌照的公司，总计资产高达8万亿，去年的净利润高达1600多亿。平安集团目前已经是中国最赚钱的公司。马明哲的传奇经历马明哲出生于1955年，原本他是吉林人，而不是大家熟知的广东人。马明哲的父亲当时是随军南下的干部，但不幸的是，父亲在马明哲很小的时候就去世了，一家子生活开始越过越难。家境的贫寒不仅仅没有给予他足够浓厚的商业背景，甚至一度成为了他生活的累赘，毕竟在吃饭穿衣都成问题的现实压迫下，一切梦想没有资本的支持，都只是空谈。初中毕业后，马明哲通过朋友关系学会了开车，这在当时是一个了不起的技能，也正因为如此，他得到了帮一位大老板开车的机会。俗话说“近朱者赤，近墨者黑”，时常能跟大人物在一起，自己的认知也会跟着提升。况且马明哲是一个非常好学的人，在短短的2年时间，马明哲的思想就明显跟同龄人拉开了很大距离。一次偶然的聚会，被马明哲死死抓住1988年，深圳蛇口一个大工地发生了工伤事件，这引发了大老板所在公司的极大热议，大家都在为创办保险业务的问题争论不休。而当领导问及在座众人意见时，早有准备的马明哲突然站起来，一番侃侃而谈后，惊艳了在座的多位领导。就这样，马明哲成为了这次保险项目的负责人。当时国内的人完全没有买保险的意识，因此，马明哲带领的小团队开展业务遇到了很多困难，不过在他积极的努力之下，第一年就实现了400万的保费额。领导对这个业绩水平比较满意，同意让他继续负责项目。第二年，马明哲通过努力让业绩实现了数倍的增长。1994年，马明哲力排众议引入外资，进行了股改，平安集团从那开始迎来了高速发展期。2019年7月22日，《财富》世界500强全新榜单发布，凭借1635.974亿美元的营业收入以及163.372亿美元的利润，中国平安位列全球第29名。这也是中国平安连续第11次登上《财富》世界500强榜单。如今，虽然马明哲已经退居幕后，但他为集团作出的贡献却将被所有平安人铭记。
被罚近10亿，银行仍“顶风违规”，是1.5万亿让利任务太轻吗？	11月21日，银保监会官网挂出了，点名批评工商银行、民生银行和平安保险。，主要包括。，基本是违规向小微企业收取贷款承诺费、投融资顾问费，以及违规向贷款企业“捆绑”销售保险产品，赚取高额手续费等问题，，这是今年银保监首次在官网首页通报“六稳”“六保”政策执行以来金融机构的违规案例，并且表示：也就是说今后可能还会有相应的专项督查，进一步加强监管。监管力度加码，为何金融机构还“顶风违规”？其实，这三家金融机构仅仅是问题违规案例的。据了解，今年6月，相关部门要求推动金融系统全年向各类企业合理让利1.5万亿元，让所有金融机构感受到了前所未有的压力。但是问题来了，为什么监管力度加码，银行还“顶风违规”呢？我们发现，随着监管力度的加大，银行罚单数量和金额不仅没有下降，而且在“蹭蹭上涨”。据不完全统计，其中，罚单金额超亿元的有2家，分别是民生银行和浙商银行，被罚没1.08亿元和1.01亿元；罚单金额超千万的有9家银行，包括上海银行被罚1650万、农业银行被罚5316万、建设银行被罚3920万、工商银行襄阳分行被罚3050万，还有民生银行、浙商银行、浦发银行、兴业银行、中信银行。从违规问题来看，主要是等问题，而产生这类问题的根本原因无非两个：1.5万亿减费让利任务已完成83%，是否任务下得太轻？另外，我们不仅要思考银行违规的根本原因，还要关注一下今年减费让利的任务完成情况，在11月初召开的政策吹风会上，公布了前10个月的减费让利进度：今年前10个月，金融系统通过降低利率、中小微企业延期还本付息和普惠小微信用贷款两项直达工具、减少收费、支持企业进行重组和债转股等渠道，已向实体经济让利约1.25万亿元。预计全年可实现让利1.5万亿元的目标。也就是说截至10月末完成了83%的任务，但是这个“恰好”是否是“能力范围内”值得我们思考。比如有的大型国有银行早在前三季度就超额完成了减费让利任务，而有的中小银行却不把这个当回事，依然通过“变相收费”来给小微企业融资增加负担。举个本次银保监通报的例子：某客户2019年5月贷款本金为382万元，期限3年，贷款利率7.6%，采取等额本息还款方式，兴业银行预计收取贷款利息46.40万元，中国平安财产保险股份有限公司预计收取保险费16.34万元，平安普惠融资担保有限公司预计收取担保费4538元和服务费81.14万元，年化综合融资成本达22.16%。综上，内涵金融认为，金融机构违规是常年都存在的问题，这一点是不可否认的客观事实，但是相应的惩戒机制必须到位，要让金融机构“举一反三”，下不为例，否则减费让利目的就很难真正全面实现。想了解更多精彩内容，快来关注内涵金融
老板姓“口袋没钱”，企业“生意惨淡”，中国赚的钱都去哪了？	改革开放之后，中国的经济水平上升了一个台阶，一路高歌猛进的情况下，老百姓们的生活水平也提高不少，无论是收入还是存款水平都有了新的突破。几十年前，“万元户”就算中产的标志了，如今家家户户的一套房子可能都已经超过百万了，老百姓们真正实现了“奔小康”。虽然相较于贫困年代，现在人的生活条件已经非常好了，但是身边依旧有人每天抱怨没钱，明明大家每天都起早贪黑地进行工作，有些人的月工资也不低，为什么既没攒下钱，花呗借呗还欠了一屁股钱呢？除了个人没钱之外，就连企业也都在抱怨没钱。那么问题就来了，明明社会都在进步，甚至中国都成了世界第二大经济体，个人和企业却喊着没钱，钱去哪了？首先我们要明确一点，整个中国的财富是谁创造的。很多人单纯地认为，是咱们上亿劳动者创造的。实际上，这种说法并不准确，财富并不是由个人或者部分群体创造的，而是由劳动者、企业和集体一起创造出来的。以上的这个这个问题从根本上就以偏概全了，因为并不是每个人都真的“没钱”，人对于金钱的欲望是永远不会满足的，可能身价千万甚至上亿的人也都在抱怨自己“没钱”，但是你能真的认为他没钱吗？对于企业来讲也是一样，可能一家企业想要并购另一家，需要上亿资金，账面上却没有这么多流动资金，这属于一种“没钱”，但是企业周转过来之后，实现并购了，这又是一种“有钱”了。所以企业抱怨不赚钱，大家不要光看业绩，也要看其他方面的发展。总体来看，虽然货币处于超发的状态，通货膨胀率也高于工资的上涨水平，但是总体的财富值是会越来越高的，市面上的钱也会越来越多，老百姓之所以抱怨手头没钱，和金钱的流通性有关。之前网上就有一个段子很形象的形容：张三付了酒店押金500元，酒店老板用这500元支付了工人工资，工人拿着500元还了借邻居的钱，邻居用500元正好付了吃饭钱，最后张三退房后，老板又将这500还给了他。乍一看每个人的财富都没变动，或者换取了等价的物品，但是所有的债务都还清了，这就是金钱的流通性了。老百姓们觉得自己手头钱不多，就是因为钱的流通性还不够，大部分人为买房掏空了积蓄，导致失去了消费能力。娃哈哈的老板宗庆后曾经表示，中国的经济发展主要靠的就是4亿中产阶级人群在消费，如今中产已经饱和，对于经济增长的贡献已经步入以前了，想要刺激经济，就要从剩下的10亿人身上着手，提高他们的收入，增加消费能力，这样就能推动经济的发展了。而如何能让10亿人产生消费能力呢？首当其冲自然是帮他们缓解压力了，而当下最大的压力就是购房了。很多家庭虽然收入没达到中产，但是一家几口人的收入加起来吃穿住行还是很潇洒的，但是买了一套房子之后就不一样了，首付掏空了家底，每个月还有几千元的固定月供在那，很多家庭的日子就开始过的紧张起来了。所以你觉得如果不用担心买房子问题，你是有钱还是没钱呢？
监管松绑，保险股权投资范围放宽，我们的保单收益真能提高吗？	取消保险资金财务性股权投资行业限制，扩大了投资范围，究竟是对保险公司有利，还是对我们普通投保人有利呢？近日，银保监会发布了《关于保险资金财务性股权投资有关事项的通知》，为保险公司投资行为松绑，提升保险资金服务实体经济能力。这个通知被业界视为保险业的利好消息。但实际上，这个利好很难直接传递到消费者身上。我们先来说说看什么叫财务性股权投资。财务性股权投资是指保险机构以出资人名义投资并持有未上市企业股权，保险机构包括保险集团（控股）公司、保险公司和保险资产管理公司。当然，保险机构和关联方不能对所投资企业构成控制或共同控制。搜索“吉时在线资源投保网”获取更多精选优质保障。《通知》中还对投资行业范围、运用资金、风险控制、负面清单和监督管理等内容有着具体的规定。《关于保险资金财务性股权投资有关事项的通知》主要内容如果你和之前的规定进行对比，你就会发现新规对投资行业的范围大大放宽了。在新规之前，监管规定保险资金直接投资股权，仅限于保险类企业、非保险类金融企业和与保险业务相关的养老、医疗、汽车服务等企业的股权。后来虽然增加了能源企业、资源企业和与保险业务相关的现代农业企业、新型商贸流通企业的股权，但投资行业范围仍然有限，仅局限在这9类企业中。新规则突破了9类企业的投资局限，允许保险机构自主选择投资行业范围，扩大了保险资金股权投资选择面。此外，旧规对于所投资股权的净资产、偿付能力充足率、资管部门工作人员、以及账面余额等都有具体的限制要求。在新规中这些要求都取消了。保险资金财务性股权投资新、旧规对比在拓宽保险资金财务性股权投资范围的同时，监管也不忘强化风险管控，制定了十条开展财务性股权投资的禁止行为负面清单。通过负面清单的方式，防范险资的投资风险。此外，新规鼓励保险资金开展市场化、法治化债转股项目，因此允许保险资金投资市场化、法治化债转股项目时，可不受负面清单第1、2项的限制。保险资金财务性股权投资的禁止行为负面清单此次新规的发布，让保险资金直接进入资本市场，可以提升保险资金的配置效率，降低企业融资成本，更好地支持实体经济发展。同时，在利率不断下行的周期下，险资股权投资范围的放宽，有利于稳定险资投资收益率。对于具有优秀资管能力的保险机构来说，扩大投资范围将带来投资收益率的提升。在银保监会持续深化“放管服”改革的大背景下，保险资金股权投资政策将会释放出更多的积极信号。既然新规对保险业是重大利好，为什么我说很难直接作用到投保人身上呢？最重要的原因是：即便保险公司投资收益率提升了，也很难提高实际结算利率。在利率下行周期下，监管对于保险产品的预定利率和万能结算利率越来越审慎。其中，预定利率4.025%的年金产品已经快要全部消亡了，目前监管允许新产品最高的预定利率是3.5%。至于万能型产品，过去保证利率最高允许约定为3.5%，现在只能最高约定3%。而实际结算利率，之前很多产品可以达到5%以上，甚至有的产品可以高达6%、7%以上。某万能型保险利率持续走低但在今年8月份，银保监会人身险部约谈了12家人身险公司，要求将实际结算利率整改至小于公司财务收益率之后，一众万能型产品的结算利率一降再降。根据1643款万能险公布的10月份最新结算利率，结算利率高于5%的产品仅剩7款。监管之所以这么做是有原因的。我们知道，保险公司盈利的主要因素是“三差”，即死差、费差和利差。这里面对保险公司利润影响最大的就是利差。保单盈利的基本原则是"三差"益高结算利率可能会导致巨大的利差损，甚至可能给整个保险业带来巨大的危机。日本和台湾就是前车之鉴。从长期来看，保险的预定利率和结算利率将呈螺旋式下降趋势，高结算利率的历史将一去不复返。因此，此次放宽保险资金财务性股权投资范围，对整个保险业是一个利好。但最大的作用是缓解保险公司的经营压力，稳定并提升投资利率。在监管管控结算利率的背景下，最终作用到投保人身上的效力有限。免责申明：以上图片均来源于网络，不代表本平台的观点或立场。若存在作品、版权或其他内容侵权等问题，请联系删除。
旺季｜七大精准客群营销技巧	分群营销主要是针对具有共同业务特征的个人客户群体，进行客户批量维护和营销，其中包括七类重点客户群。网点通过细分每类客户特征、找准客户营销切入点，从客户职业特性和客户价值等多个维度出发，进行客户的批量营销，能够有效地提高网点营销的效率和效果，扩大网点零售客户群，扎实优质客户基础。专业市场客户由于上下游客户多、资金流动频率快，主要有以下的金融服务需求：资金结算需求：需要快捷、安全、方便的结算，如转账电话、手机银行等。融资需求：存在阶段性、季节性，且对融资效率、担保方式等要求较高，对个人经营性贷款等存在一定需求。理财与贵宾服务需求：客户较多的资金沉淀，对短期理财和贵宾体验要求较高。策略：网点可通过对市场协会、管委会、房地产开发商等渠道获取优质私营业主信息。同时打包手机银行、网上银行、转账电话等渠道产品，或方便快捷的个人综合消费贷款、助业贷款等产品，向其提供包括商户收单、短期理财产品等在内的一揽子金融服务套餐。当前各地农业发展形成了一些规模较大的专业户群体，如蔬菜种植、花卉树木种植、水果种植、牲畜养殖等。该类群体需求主要有：消费信贷需求：由于农业专业户的收入存在季节性，现金流不稳定，可能发生现金短缺的情况，影响大额消费。理财和保险的需求：除将积累的资金投入扩大生产外，还需对其余资金进行科学管理，保证财富增值。此外，农业专业户对自身的保险保障也有较大需求。策略：分支行或网点可通过梳理有合作关系的涉农企业名单，寻找上游原材料供应农户信息，匹配客户结算卡、融资、保险和小额理财等产品包，进行客户精准营销。专业人士是指具备特定专业技能的专业人才，一般包括教授、医生、法官、律师、文学家、作家、艺术家等，该类人群一般在从事的行业内具备一定的权威性，收入高，属于网点重点营销目标客户群体之一。策略：针对该类高端客户，网点需结合分支行给予的高端客户活动支持，对专业人士进行品牌宣传，搭建高端人士交流的平台，从而吸引专业人士成为网点客户。同时结合行内税务咨询、客户资产配置、商旅贵宾服务和家庭理财等提供全方位金融服务。高档社区住户普遍具备较高的家庭资产，是银行的优质目标客户群体，具有居住较稳定、需求共性的特点，因而也具备多重个人金融需求，如投资需求，日常生活服务需求、融资消费需求、结算便利需求、增值服务需求。策略：银行可利用楼盘开发商、销售商、物业公司、中介机构等获得住户基本信息，联合居委会、物业等以理财知识讲座、产品推荐等举办活动营销，调研了解清晰客户的个性化金融需求，并针对性的提供投资套餐、融资消费套餐、结算便利套餐、子女出国交易套餐及增值服务。拆迁户由于大金额的拆迁补偿款，加之理财能力普遍薄弱，该群体有着强烈的资金保值增值需求；同时由于安置房的改善、地点可能不理想等，亦有重新购房置业融资的需求等。策略：网点可通过房地产开发商、项目业主等资源获得所涉及拆迁户的基本信息，根据他们的信息对金融产品的需求，分别提供不同的金融服务套餐。同时联动对公业务部门，将拆迁户的金融服务与产品绑定纳入对项目营销的整体方案中。针对下发的拆迁户存款，广泛开展进村活动营销，通过举办沙龙活动，提升拆迁户中的影响力，向客户绑定电子银行、定期、理财类产品来稳定拆迁款。老板娘往往在企业、家庭中扮演“管家”的角色，掌握着大部分财务资源、在资金安排方面具有较多的话语权。“管的资金多、理财能力弱、生活有追求”是这个群体的主要特征。她们对资产保值增值、多种资产配置和家庭的理财整体规划等有较大的需求。策略：针对老板娘群体，开展其爱好的美容、养生、旅游、健康等各类活动，拉近客户距离。同时与奢侈品店、高端车行、美容会所开展联合活动，借助高端品牌效应，搭建高端女性人士的交流平台，提升客户的体验和归属感。产品配套方面，贵金属收藏与投资、高收益理财等高端多元化产品是绑定客户的较好选择。目前中国人口已经进入了快速老龄化阶段，65岁以上老年人占总人口比例已占到了11.6%，而同时老龄群体的资金稳定性较强，不易流失。老年人群体的金融需求集中在以养老保障为核心的金融服务，同时对便捷的代缴公共事业费服务、和养生、医疗、假证、养老方面的咨询和服务有较大需求。策略：针对老龄客户群体，与社区居委会、老年大学等机构合作，开展活动营销。以活动赞助或沙龙的形式，组织健康、养生、养老等主题的活动，推介包括定期存款、定活两便储蓄、通知存款等存款类产品；辅以贵金属赠送保值等产品进行营销。
如何做好车险续保？提高客均保费	综改后，车险保费收入下降明显，其中，行业保费平稳增长势头出现了转折。在整体保费下降的背景下，做好车险续保，守住业务基本盘，成为车险机构极为重视的问题。同时，应对综改“降价、增保、提质”的短期目标，做好续保业务的关键在于，从而提升整体保费收入规模，确保业务平稳增长。一、车险续保的意义在新的市场业态下，续保业务对车险机构有着重要的意义：1、续保业务基数大，支撑业务发展。强化续保工作，加快提升续保率，能够有效缓解公司新增业务的发展压力，为全年保费目标的达成提供有力的支撑和保障。2、续保业务质量优，促进效益指标达成。续保客户的出险率、赔付率更低，属于效益型业务。3、商车费改后，做好已有渠道续保业务尤为重要。商车费改后，件均保费下降严重，巩固好现有渠道的存量业务。4、业务人员续保的成本低。数据显示，销售人员维护一个老客户所花费的成本是拓展新增客户成本的五分之一。通过稳定老客户提高续保率业务占比，能够大幅降低公司车险经营成本。二、车险续保流程1.整理客户续保清单建立客户续保客户清单。定期建立续保到期客户清单，一般在保单到期（或上年签单日期）60天前完成。制定每日续保工作计划。根据续保清单，制定每日的续保报价/联络工作计划，确保每日安排时间进行续保客户联络。――扩大续保客户数量，应用悦保车险采集信息，自动识别车牌续保报价，完成客户资料自动存档。2.联系客户――初次联络初次联络时间：为保险到期（或上年度签单日期）前60天与客户取得联系；联络方式：短信：通过固定手机向客户发送续保提醒信息；微信：通过客户本人微信发送续保提醒信息；电话：在适当时间，与客户进行电话联系，提醒到期信息。联络内容：告知客户保险即将到期，了解客户目前是否有报价需求。资料有误（转介绍/买单）：找到转介绍人员或买单渠道，获取客户准确资料，获取联系方式等 。――应用悦保车险，一键外呼、快速报价出单，坐席报表、通话录音、智能统计分析，提升电销效率与成交率。3.车险客户报价收集上一年度投保的险种，以便设计续保保险方案；收集上一年度保费情况，以便于续保保费的比较，设计今年保费收取方案；收集上一年度理赔信息，根据理赔信息，设计有针对性的保险方案；查阅上一保险期间的沟通记录，掌握客户性格和所需，具有针对性的进行沟通；向客户提供准确的报价。――应用悦保车险，手机输入车牌号一键报价，微信/短信分享报价单，自动核保、线上支付全闭环。4.续保的跟进与促成续保到期前一定时间，正式给予客户报价和跟进。不同客户类型（粘性和非粘性）可以确定不同的报价和跟进时间和跟进次数――直接客户和转介绍客户。不同业务类型可以确定不同的报价和跟进时间和跟进次数――首年续保、2-3年和多年续保。报价后的跟进。同意---转入正常续保投保流程；不同意---了解原因(产品、服务和价格），制定针对性的解决方案，继续跟进和促成。――应用悦保车险，批量导入车牌号一健续保，精准筛查续保线索，到期自动提醒，有效提升基盘可续保率。5.总结与反思与客户的每次练习都要做好记录，记录跟进的时间、频次和内容。总结分析客户的性格、对保险的了解程度、续保的需求和对续保保险的需求等；若续保成交，则在应记录成交日期、保费和赠送的内容。便于来年续保跟进本年具体情况，制定来年的续保方案；若已在其他公司投保处理，向客户了解未在我司续保的原因和目前投保的情况，并向客户告知如有任何保险方面的问题，都可以及时向本人咨询，并承诺继续做好相关解答和服务，为下一年度的“赢回”做好工作。――应用，具备客户管理、政策设置、台账列表、财务结算、数据统计、组织管理等多项功能，让业务管理可视化，业绩提升更精准。6.客户日常维护车险出险后的理赔服务；定期服务：定期服务是客户值得纪念的日子提供的服务。（每个客户都有值得纪念的日子，这些日子正是提供服务的好时机。如：重要的纪念日、节假日等送去公司和个人的关心，增进彼此的感情。）不定期服务：经常和客户保持联系是非常必要的。沟通中，我们可以带去保险资讯，及时了解客户的需求变化，解答客户疑问，甚至提供一些增值服务。可以使客户感到与保险公司关系稳定，更加让他们放心，进而增进对保险销售人员和保险公司的好感。三、续保流程关键点提前60天开始进行续保提醒，客户能够在早期提前60天续保的，成功率不高，仅在20%以下。随着时间的递进，提前45天、30天、15天成功率逐渐递增能够达到30%-50%，提前7天的续保提醒，成功率最高，可达到50%以上。提前60天――名单整理并提醒（短信、微信、邮件等）・提前50天――首拨提醒及了解需求・提前30至45天――车险报价及促成・提前15天――加大跟踪力度及促成对于一年期客户，65%的业务员普遍认为至少需要沟通5次以上，才能促成车险续保的成功，而对于2-3年期客户3-5次的沟通便会促成续保成功，多年期客户由于稳定性较高，1-2次的续保提醒可以成功续保。首年期续保客户――沟通5次及以上为佳・2-3年期续保客户――沟通3-4次为佳・多年期续保客户――沟通1-2次为佳多年客户续保率明显比首年续保率高，连续三年续保率比连续两年续保率略高。・首年续保――沟通5次+提前50天+高成本・2-3年期续保客户――沟通3-4次+提前30-45天+中成本・多年期续保客户――沟通1-2次+提前15天+低成本
